<?xml version="1.0" encoding="UTF-8"?>
<!DOCTYPE mapper PUBLIC "-//mybatis.org//DTD Mapper 3.0//EN" "http://mybatis.org/dtd/mybatis-3-mapper.dtd">
<mapper namespace="generate.ExamUserMapper">
  <resultMap id="BaseResultMap" type="com.grapefruit.springbootjpa.entity.ExamUser">
    <id column="id" jdbcType="INTEGER" property="id" />
    <result column="uid" jdbcType="VARCHAR" property="uid" />
    <result column="score" jdbcType="INTEGER" property="score" />
    <result column="status" jdbcType="VARCHAR" property="status" />
  </resultMap>
  <sql id="Base_Column_List">
    id, `uid`, score, `status`
  </sql>
  <select id="selectByPrimaryKey" parameterType="java.lang.Integer" resultMap="BaseResultMap">
    select 
    <include refid="Base_Column_List" />
    from t_exam_user
    where id = #{id,jdbcType=INTEGER}
  </select>
  <delete id="deleteByPrimaryKey" parameterType="java.lang.Integer">
    delete from t_exam_user
    where id = #{id,jdbcType=INTEGER}
  </delete>
  <insert id="insert" keyColumn="id" keyProperty="id" parameterType="com.grapefruit.springbootjpa.entity.ExamUser" useGeneratedKeys="true">
    insert into t_exam_user (`uid`, score, `status`
      )
    values (#{uid,jdbcType=VARCHAR}, #{score,jdbcType=INTEGER}, #{status,jdbcType=VARCHAR}
      )
  </insert>
  <insert id="insertSelective" keyColumn="id" keyProperty="id" parameterType="com.grapefruit.springbootjpa.entity.ExamUser" useGeneratedKeys="true">
    insert into t_exam_user
    <trim prefix="(" suffix=")" suffixOverrides=",">
      <if test="uid != null">
        `uid`,
      </if>
      <if test="score != null">
        score,
      </if>
      <if test="status != null">
        `status`,
      </if>
    </trim>
    <trim prefix="values (" suffix=")" suffixOverrides=",">
      <if test="uid != null">
        #{uid,jdbcType=VARCHAR},
      </if>
      <if test="score != null">
        #{score,jdbcType=INTEGER},
      </if>
      <if test="status != null">
        #{status,jdbcType=VARCHAR},
      </if>
    </trim>
  </insert>
  <update id="updateByPrimaryKeySelective" parameterType="com.grapefruit.springbootjpa.entity.ExamUser">
    update t_exam_user
    <set>
      <if test="uid != null">
        `uid` = #{uid,jdbcType=VARCHAR},
      </if>
      <if test="score != null">
        score = #{score,jdbcType=INTEGER},
      </if>
      <if test="status != null">
        `status` = #{status,jdbcType=VARCHAR},
      </if>
    </set>
    where id = #{id,jdbcType=INTEGER}
  </update>
  <update id="updateByPrimaryKey" parameterType="com.grapefruit.springbootjpa.entity.ExamUser">
    update t_exam_user
    set `uid` = #{uid,jdbcType=VARCHAR},
      score = #{score,jdbcType=INTEGER},
      `status` = #{status,jdbcType=VARCHAR}
    where id = #{id,jdbcType=INTEGER}
  </update>
</mapper>