<?xml version="1.0" encoding="UTF-8"?>
<!DOCTYPE mapper PUBLIC "-//mybatis.org//DTD Mapper 3.0//EN" "http://mybatis.org/dtd/mybatis-3-mapper.dtd">
<mapper namespace="com.grapefruit.springbootjpa.dao.TPositionDao">
  <resultMap id="BaseResultMap" type="com.grapefruit.springbootjpa.entity.Position">
    <id column="id" jdbcType="INTEGER" property="id" />
    <result column="name" jdbcType="VARCHAR" property="name" />
    <result column="score" jdbcType="SMALLINT" property="score" />
    <result column="parent_id" jdbcType="INTEGER" property="parent_id" />
    <result column="creator" jdbcType="VARCHAR" property="creator" />
    <result column="modifier" jdbcType="VARCHAR" property="modifier" />
    <result column="creat_time" jdbcType="VARCHAR" property="creat_time" />
    <result column="modify_time" jdbcType="VARCHAR" property="modify_time" />
  </resultMap>
  <sql id="Base_Column_List">
    id, `name`, score, parent_id, creator, modifier, creat_time, modify_time
  </sql>
  <select id="selectByPrimaryKey" parameterType="java.lang.Integer" resultMap="BaseResultMap">
    select 
    <include refid="Base_Column_List" />
    from t_child_class
    where id = #{id,jdbcType=INTEGER}
  </select>
  <delete id="deleteByPrimaryKey" parameterType="java.lang.Integer">
    delete from t_child_class
    where id = #{id,jdbcType=INTEGER}
  </delete>
  <insert id="insert" keyColumn="id" keyProperty="id" parameterType="com.grapefruit.springbootjpa.entity.Position" useGeneratedKeys="true">
    insert into t_child_class (`name`, score, parent_id, 
      creator, modifier, creat_time, 
      modify_time)
    values (#{name,jdbcType=VARCHAR}, #{score,jdbcType=SMALLINT}, #{parent_id,jdbcType=INTEGER}, 
      #{creator,jdbcType=VARCHAR}, #{modifier,jdbcType=VARCHAR}, #{creat_time,jdbcType=VARCHAR}, 
      #{modify_time,jdbcType=VARCHAR})
  </insert>
  <insert id="insertSelective" keyColumn="id" keyProperty="id" parameterType="com.grapefruit.springbootjpa.entity.Position" useGeneratedKeys="true">
    insert into t_child_class
    <trim prefix="(" suffix=")" suffixOverrides=",">
      <if test="name != null">
        `name`,
      </if>
      <if test="score != null">
        score,
      </if>
      <if test="parent_id != null">
        parent_id,
      </if>
      <if test="creator != null">
        creator,
      </if>
      <if test="modifier != null">
        modifier,
      </if>
      <if test="creat_time != null">
        creat_time,
      </if>
      <if test="modify_time != null">
        modify_time,
      </if>
    </trim>
    <trim prefix="values (" suffix=")" suffixOverrides=",">
      <if test="name != null">
        #{name,jdbcType=VARCHAR},
      </if>
      <if test="score != null">
        #{score,jdbcType=SMALLINT},
      </if>
      <if test="parent_id != null">
        #{parent_id,jdbcType=INTEGER},
      </if>
      <if test="creator != null">
        #{creator,jdbcType=VARCHAR},
      </if>
      <if test="modifier != null">
        #{modifier,jdbcType=VARCHAR},
      </if>
      <if test="creat_time != null">
        #{creat_time,jdbcType=VARCHAR},
      </if>
      <if test="modify_time != null">
        #{modify_time,jdbcType=VARCHAR},
      </if>
    </trim>
  </insert>
  <update id="updateByPrimaryKeySelective" parameterType="com.grapefruit.springbootjpa.entity.Position">
    update t_child_class
    <set>
      <if test="name != null">
        `name` = #{name,jdbcType=VARCHAR},
      </if>
      <if test="score != null">
        score = #{score,jdbcType=SMALLINT},
      </if>
      <if test="parent_id != null">
        parent_id = #{parent_id,jdbcType=INTEGER},
      </if>
      <if test="creator != null">
        creator = #{creator,jdbcType=VARCHAR},
      </if>
      <if test="modifier != null">
        modifier = #{modifier,jdbcType=VARCHAR},
      </if>
      <if test="creat_time != null">
        creat_time = #{creat_time,jdbcType=VARCHAR},
      </if>
      <if test="modify_time != null">
        modify_time = #{modify_time,jdbcType=VARCHAR},
      </if>
    </set>
    where id = #{id,jdbcType=INTEGER}
  </update>
  <update id="updateByPrimaryKey" parameterType="com.grapefruit.springbootjpa.entity.Position">
    update t_child_class
    set `name` = #{name,jdbcType=VARCHAR},
      score = #{score,jdbcType=SMALLINT},
      parent_id = #{parent_id,jdbcType=INTEGER},
      creator = #{creator,jdbcType=VARCHAR},
      modifier = #{modifier,jdbcType=VARCHAR},
      creat_time = #{creat_time,jdbcType=VARCHAR},
      modify_time = #{modify_time,jdbcType=VARCHAR}
    where id = #{id,jdbcType=INTEGER}
  </update>
</mapper>